[{"name":"BLACK","description":"entity.PlayerColor.BLACK","location":"projekt2/entity/-player-color/-b-l-a-c-k/index.html","searchKeys":["BLACK","BLACK","entity.PlayerColor.BLACK"]},{"name":"BLUE","description":"entity.PlayerColor.BLUE","location":"projekt2/entity/-player-color/-b-l-u-e/index.html","searchKeys":["BLUE","BLUE","entity.PlayerColor.BLUE"]},{"name":"BLUE","description":"entity.TileColor.BLUE","location":"projekt2/entity/-tile-color/-b-l-u-e/index.html","searchKeys":["BLUE","BLUE","entity.TileColor.BLUE"]},{"name":"CYAN","description":"entity.TileColor.CYAN","location":"projekt2/entity/-tile-color/-c-y-a-n/index.html","searchKeys":["CYAN","CYAN","entity.TileColor.CYAN"]},{"name":"HARD_BOT","description":"entity.PlayerType.HARD_BOT","location":"projekt2/entity/-player-type/-h-a-r-d_-b-o-t/index.html","searchKeys":["HARD_BOT","HARD_BOT","entity.PlayerType.HARD_BOT"]},{"name":"LOCAL","description":"entity.PlayerType.LOCAL","location":"projekt2/entity/-player-type/-l-o-c-a-l/index.html","searchKeys":["LOCAL","LOCAL","entity.PlayerType.LOCAL"]},{"name":"NETWORK","description":"entity.PlayerType.NETWORK","location":"projekt2/entity/-player-type/-n-e-t-w-o-r-k/index.html","searchKeys":["NETWORK","NETWORK","entity.PlayerType.NETWORK"]},{"name":"ORANGE","description":"entity.PlayerColor.ORANGE","location":"projekt2/entity/-player-color/-o-r-a-n-g-e/index.html","searchKeys":["ORANGE","ORANGE","entity.PlayerColor.ORANGE"]},{"name":"RANDOM_BOT","description":"entity.PlayerType.RANDOM_BOT","location":"projekt2/entity/-player-type/-r-a-n-d-o-m_-b-o-t/index.html","searchKeys":["RANDOM_BOT","RANDOM_BOT","entity.PlayerType.RANDOM_BOT"]},{"name":"RED","description":"entity.TileColor.RED","location":"projekt2/entity/-tile-color/-r-e-d/index.html","searchKeys":["RED","RED","entity.TileColor.RED"]},{"name":"WHITE","description":"entity.PlayerColor.WHITE","location":"projekt2/entity/-player-color/-w-h-i-t-e/index.html","searchKeys":["WHITE","WHITE","entity.PlayerColor.WHITE"]},{"name":"YELLOW","description":"entity.TileColor.YELLOW","location":"projekt2/entity/-tile-color/-y-e-l-l-o-w/index.html","searchKeys":["YELLOW","YELLOW","entity.TileColor.YELLOW"]},{"name":"abstract class AbstractRefreshingService","description":"service.AbstractRefreshingService","location":"projekt2/service/-abstract-refreshing-service/index.html","searchKeys":["AbstractRefreshingService","abstract class AbstractRefreshingService","service.AbstractRefreshingService"]},{"name":"class FinishedMenuScene(rootService: RootService) : MenuScene, Refreshable","description":"gui.FinishedMenuScene","location":"projekt2/gui/-finished-menu-scene/index.html","searchKeys":["FinishedMenuScene","class FinishedMenuScene(rootService: RootService) : MenuScene, Refreshable","gui.FinishedMenuScene"]},{"name":"class GameLog","description":"entity.GameLog","location":"projekt2/entity/-game-log/index.html","searchKeys":["GameLog","class GameLog","entity.GameLog"]},{"name":"class GameScene(rootService: RootService) : BoardGameScene, Refreshable","description":"gui.GameScene","location":"projekt2/gui/-game-scene/index.html","searchKeys":["GameScene","class GameScene(rootService: RootService) : BoardGameScene, Refreshable","gui.GameScene"]},{"name":"class GameService(rootService: RootService) : AbstractRefreshingService","description":"service.GameService","location":"projekt2/service/-game-service/index.html","searchKeys":["GameService","class GameService(rootService: RootService) : AbstractRefreshingService","service.GameService"]},{"name":"class HostMenuScene(rootService: RootService) : MenuScene, Refreshable","description":"gui.HostMenuScene","location":"projekt2/gui/-host-menu-scene/index.html","searchKeys":["HostMenuScene","class HostMenuScene(rootService: RootService) : MenuScene, Refreshable","gui.HostMenuScene"]},{"name":"class JoinMenuScene(rootService: RootService) : MenuScene, Refreshable","description":"gui.JoinMenuScene","location":"projekt2/gui/-join-menu-scene/index.html","searchKeys":["JoinMenuScene","class JoinMenuScene(rootService: RootService) : MenuScene, Refreshable","gui.JoinMenuScene"]},{"name":"class LocalMenuScene1(rootService: RootService) : MenuScene, Refreshable","description":"gui.LocalMenuScene1","location":"projekt2/gui/-local-menu-scene1/index.html","searchKeys":["LocalMenuScene1","class LocalMenuScene1(rootService: RootService) : MenuScene, Refreshable","gui.LocalMenuScene1"]},{"name":"class LocalMenuScene2(rootService: RootService) : MenuScene, Refreshable","description":"gui.LocalMenuScene2","location":"projekt2/gui/-local-menu-scene2/index.html","searchKeys":["LocalMenuScene2","class LocalMenuScene2(rootService: RootService) : MenuScene, Refreshable","gui.LocalMenuScene2"]},{"name":"class MoonWheel(val slots: MutableList<Tile?>, var meeplePosition: Int = 0)","description":"entity.MoonWheel","location":"projekt2/entity/-moon-wheel/index.html","searchKeys":["MoonWheel","class MoonWheel(val slots: MutableList<Tile?>, var meeplePosition: Int = 0)","entity.MoonWheel"]},{"name":"class NovaLunaGame(var currentPlayer: Int, var simulationSpeed: Int, var tokenAmount: Int = 21, var currentState: Int, val players: MutableList<Player> = mutableListOf(), val moonWheel: MoonWheel, val drawPile: MutableList<Tile?> = mutableListOf(), val gameLog: GameLog = GameLog())","description":"entity.NovaLunaGame","location":"projekt2/entity/-nova-luna-game/index.html","searchKeys":["NovaLunaGame","class NovaLunaGame(var currentPlayer: Int, var simulationSpeed: Int, var tokenAmount: Int = 21, var currentState: Int, val players: MutableList<Player> = mutableListOf(), val moonWheel: MoonWheel, val drawPile: MutableList<Tile?> = mutableListOf(), val gameLog: GameLog = GameLog())","entity.NovaLunaGame"]},{"name":"class Player(val name: String, var travelledDistance: Int = 0, var height: Int, var playerType: PlayerType, val playerColor: PlayerColor, var tokens: Int = 21, val playerTileBoard: Map<Coordinate, Tile> = mutableMapOf())","description":"entity.Player","location":"projekt2/entity/-player/index.html","searchKeys":["Player","class Player(val name: String, var travelledDistance: Int = 0, var height: Int, var playerType: PlayerType, val playerColor: PlayerColor, var tokens: Int = 21, val playerTileBoard: Map<Coordinate, Tile> = mutableMapOf())","entity.Player"]},{"name":"class PlayerActionService(rootService: RootService) : AbstractRefreshingService","description":"service.PlayerActionService","location":"projekt2/service/-player-action-service/index.html","searchKeys":["PlayerActionService","class PlayerActionService(rootService: RootService) : AbstractRefreshingService","service.PlayerActionService"]},{"name":"class RootService","description":"service.RootService","location":"projekt2/service/-root-service/index.html","searchKeys":["RootService","class RootService","service.RootService"]},{"name":"class SelectGameModeMenuScene(rootService: RootService) : MenuScene, Refreshable","description":"gui.SelectGameModeMenuScene","location":"projekt2/gui/-select-game-mode-menu-scene/index.html","searchKeys":["SelectGameModeMenuScene","class SelectGameModeMenuScene(rootService: RootService) : MenuScene, Refreshable","gui.SelectGameModeMenuScene"]},{"name":"constructor()","description":"entity.GameLog.GameLog","location":"projekt2/entity/-game-log/-game-log.html","searchKeys":["GameLog","constructor()","entity.GameLog.GameLog"]},{"name":"constructor()","description":"service.AbstractRefreshingService.AbstractRefreshingService","location":"projekt2/service/-abstract-refreshing-service/-abstract-refreshing-service.html","searchKeys":["AbstractRefreshingService","constructor()","service.AbstractRefreshingService.AbstractRefreshingService"]},{"name":"constructor()","description":"service.RootService.RootService","location":"projekt2/service/-root-service/-root-service.html","searchKeys":["RootService","constructor()","service.RootService.RootService"]},{"name":"constructor(currentPlayer: Int, simulationSpeed: Int, tokenAmount: Int = 21, currentState: Int, players: MutableList<Player> = mutableListOf(), moonWheel: MoonWheel, drawPile: MutableList<Tile?> = mutableListOf(), gameLog: GameLog = GameLog())","description":"entity.NovaLunaGame.NovaLunaGame","location":"projekt2/entity/-nova-luna-game/-nova-luna-game.html","searchKeys":["NovaLunaGame","constructor(currentPlayer: Int, simulationSpeed: Int, tokenAmount: Int = 21, currentState: Int, players: MutableList<Player> = mutableListOf(), moonWheel: MoonWheel, drawPile: MutableList<Tile?> = mutableListOf(), gameLog: GameLog = GameLog())","entity.NovaLunaGame.NovaLunaGame"]},{"name":"constructor(id: Int, cost: Int, task1: TileTask?, task2: TileTask?, task3: TileTask?, tileColor: TileColor)","description":"entity.Tile.Tile","location":"projekt2/entity/-tile/-tile.html","searchKeys":["Tile","constructor(id: Int, cost: Int, task1: TileTask?, task2: TileTask?, task3: TileTask?, tileColor: TileColor)","entity.Tile.Tile"]},{"name":"constructor(isSolved: Boolean = false, tileDots: MutableList<TileColor> = mutableListOf())","description":"entity.TileTask.TileTask","location":"projekt2/entity/-tile-task/-tile-task.html","searchKeys":["TileTask","constructor(isSolved: Boolean = false, tileDots: MutableList<TileColor> = mutableListOf())","entity.TileTask.TileTask"]},{"name":"constructor(name: String, travelledDistance: Int = 0, height: Int, playerType: PlayerType, playerColor: PlayerColor, tokens: Int = 21, playerTileBoard: Map<Coordinate, Tile> = mutableMapOf())","description":"entity.Player.Player","location":"projekt2/entity/-player/-player.html","searchKeys":["Player","constructor(name: String, travelledDistance: Int = 0, height: Int, playerType: PlayerType, playerColor: PlayerColor, tokens: Int = 21, playerTileBoard: Map<Coordinate, Tile> = mutableMapOf())","entity.Player.Player"]},{"name":"constructor(rootService: RootService)","description":"gui.FinishedMenuScene.FinishedMenuScene","location":"projekt2/gui/-finished-menu-scene/-finished-menu-scene.html","searchKeys":["FinishedMenuScene","constructor(rootService: RootService)","gui.FinishedMenuScene.FinishedMenuScene"]},{"name":"constructor(rootService: RootService)","description":"gui.GameScene.GameScene","location":"projekt2/gui/-game-scene/-game-scene.html","searchKeys":["GameScene","constructor(rootService: RootService)","gui.GameScene.GameScene"]},{"name":"constructor(rootService: RootService)","description":"gui.HostMenuScene.HostMenuScene","location":"projekt2/gui/-host-menu-scene/-host-menu-scene.html","searchKeys":["HostMenuScene","constructor(rootService: RootService)","gui.HostMenuScene.HostMenuScene"]},{"name":"constructor(rootService: RootService)","description":"gui.JoinMenuScene.JoinMenuScene","location":"projekt2/gui/-join-menu-scene/-join-menu-scene.html","searchKeys":["JoinMenuScene","constructor(rootService: RootService)","gui.JoinMenuScene.JoinMenuScene"]},{"name":"constructor(rootService: RootService)","description":"gui.LocalMenuScene1.LocalMenuScene1","location":"projekt2/gui/-local-menu-scene1/-local-menu-scene1.html","searchKeys":["LocalMenuScene1","constructor(rootService: RootService)","gui.LocalMenuScene1.LocalMenuScene1"]},{"name":"constructor(rootService: RootService)","description":"gui.LocalMenuScene2.LocalMenuScene2","location":"projekt2/gui/-local-menu-scene2/-local-menu-scene2.html","searchKeys":["LocalMenuScene2","constructor(rootService: RootService)","gui.LocalMenuScene2.LocalMenuScene2"]},{"name":"constructor(rootService: RootService)","description":"gui.SelectGameModeMenuScene.SelectGameModeMenuScene","location":"projekt2/gui/-select-game-mode-menu-scene/-select-game-mode-menu-scene.html","searchKeys":["SelectGameModeMenuScene","constructor(rootService: RootService)","gui.SelectGameModeMenuScene.SelectGameModeMenuScene"]},{"name":"constructor(rootService: RootService)","description":"service.GameService.GameService","location":"projekt2/service/-game-service/-game-service.html","searchKeys":["GameService","constructor(rootService: RootService)","service.GameService.GameService"]},{"name":"constructor(rootService: RootService)","description":"service.PlayerActionService.PlayerActionService","location":"projekt2/service/-player-action-service/-player-action-service.html","searchKeys":["PlayerActionService","constructor(rootService: RootService)","service.PlayerActionService.PlayerActionService"]},{"name":"constructor(slots: MutableList<Tile?>, meeplePosition: Int = 0)","description":"entity.MoonWheel.MoonWheel","location":"projekt2/entity/-moon-wheel/-moon-wheel.html","searchKeys":["MoonWheel","constructor(slots: MutableList<Tile?>, meeplePosition: Int = 0)","entity.MoonWheel.MoonWheel"]},{"name":"data class Tile(val id: Int, val cost: Int, val task1: TileTask?, val task2: TileTask?, val task3: TileTask?, val tileColor: TileColor)","description":"entity.Tile","location":"projekt2/entity/-tile/index.html","searchKeys":["Tile","data class Tile(val id: Int, val cost: Int, val task1: TileTask?, val task2: TileTask?, val task3: TileTask?, val tileColor: TileColor)","entity.Tile"]},{"name":"data class TileTask(var isSolved: Boolean = false, val tileDots: MutableList<TileColor> = mutableListOf())","description":"entity.TileTask","location":"projekt2/entity/-tile-task/index.html","searchKeys":["TileTask","data class TileTask(var isSolved: Boolean = false, val tileDots: MutableList<TileColor> = mutableListOf())","entity.TileTask"]},{"name":"enum PlayerColor : Enum<PlayerColor> ","description":"entity.PlayerColor","location":"projekt2/entity/-player-color/index.html","searchKeys":["PlayerColor","enum PlayerColor : Enum<PlayerColor> ","entity.PlayerColor"]},{"name":"enum PlayerType : Enum<PlayerType> ","description":"entity.PlayerType","location":"projekt2/entity/-player-type/index.html","searchKeys":["PlayerType","enum PlayerType : Enum<PlayerType> ","entity.PlayerType"]},{"name":"enum TileColor : Enum<TileColor> ","description":"entity.TileColor","location":"projekt2/entity/-tile-color/index.html","searchKeys":["TileColor","enum TileColor : Enum<TileColor> ","entity.TileColor"]},{"name":"fun addRefreshable(newRefreshable: Refreshable)","description":"service.AbstractRefreshingService.addRefreshable","location":"projekt2/service/-abstract-refreshing-service/add-refreshable.html","searchKeys":["addRefreshable","fun addRefreshable(newRefreshable: Refreshable)","service.AbstractRefreshingService.addRefreshable"]},{"name":"fun addRefreshable(newRefreshable: Refreshable)","description":"service.RootService.addRefreshable","location":"projekt2/service/-root-service/add-refreshable.html","searchKeys":["addRefreshable","fun addRefreshable(newRefreshable: Refreshable)","service.RootService.addRefreshable"]},{"name":"fun addRefreshables(vararg newRefreshables: Refreshable)","description":"service.RootService.addRefreshables","location":"projekt2/service/-root-service/add-refreshables.html","searchKeys":["addRefreshables","fun addRefreshables(vararg newRefreshables: Refreshable)","service.RootService.addRefreshables"]},{"name":"fun chooseTile(chosenSlot: Int)","description":"service.PlayerActionService.chooseTile","location":"projekt2/service/-player-action-service/choose-tile.html","searchKeys":["chooseTile","fun chooseTile(chosenSlot: Int)","service.PlayerActionService.chooseTile"]},{"name":"fun endGame()","description":"service.GameService.endGame","location":"projekt2/service/-game-service/end-game.html","searchKeys":["endGame","fun endGame()","service.GameService.endGame"]},{"name":"fun fillSelectionTrack()","description":"service.PlayerActionService.fillSelectionTrack","location":"projekt2/service/-player-action-service/fill-selection-track.html","searchKeys":["fillSelectionTrack","fun fillSelectionTrack()","service.PlayerActionService.fillSelectionTrack"]},{"name":"fun loadGame()","description":"service.GameService.loadGame","location":"projekt2/service/-game-service/load-game.html","searchKeys":["loadGame","fun loadGame()","service.GameService.loadGame"]},{"name":"fun main()","description":"main","location":"projekt2/[root]/main.html","searchKeys":["main","fun main()","main"]},{"name":"fun onAllRefreshables(method: Refreshable.() -> Unit)","description":"service.AbstractRefreshingService.onAllRefreshables","location":"projekt2/service/-abstract-refreshing-service/on-all-refreshables.html","searchKeys":["onAllRefreshables","fun onAllRefreshables(method: Refreshable.() -> Unit)","service.AbstractRefreshingService.onAllRefreshables"]},{"name":"fun placeTile(selectedPlace: Coordinate, selectedTile: Tile)","description":"service.PlayerActionService.placeTile","location":"projekt2/service/-player-action-service/place-tile.html","searchKeys":["placeTile","fun placeTile(selectedPlace: Coordinate, selectedTile: Tile)","service.PlayerActionService.placeTile"]},{"name":"fun redo()","description":"service.PlayerActionService.redo","location":"projekt2/service/-player-action-service/redo.html","searchKeys":["redo","fun redo()","service.PlayerActionService.redo"]},{"name":"fun saveGame()","description":"service.GameService.saveGame","location":"projekt2/service/-game-service/save-game.html","searchKeys":["saveGame","fun saveGame()","service.GameService.saveGame"]},{"name":"fun startGame(playerNames: List<String>, playerColors: List<PlayerColor>, playerBotType: List<Int>, firstGame: Boolean, orderIsRandom: Boolean, simulationSpeed: Int, isNetwork: Boolean)","description":"service.GameService.startGame","location":"projekt2/service/-game-service/start-game.html","searchKeys":["startGame","fun startGame(playerNames: List<String>, playerColors: List<PlayerColor>, playerBotType: List<Int>, firstGame: Boolean, orderIsRandom: Boolean, simulationSpeed: Int, isNetwork: Boolean)","service.GameService.startGame"]},{"name":"fun switchTurn()","description":"service.GameService.switchTurn","location":"projekt2/service/-game-service/switch-turn.html","searchKeys":["switchTurn","fun switchTurn()","service.GameService.switchTurn"]},{"name":"fun undo()","description":"service.PlayerActionService.undo","location":"projekt2/service/-player-action-service/undo.html","searchKeys":["undo","fun undo()","service.PlayerActionService.undo"]},{"name":"fun valueOf(value: String): PlayerColor","description":"entity.PlayerColor.valueOf","location":"projekt2/entity/-player-color/value-of.html","searchKeys":["valueOf","fun valueOf(value: String): PlayerColor","entity.PlayerColor.valueOf"]},{"name":"fun valueOf(value: String): PlayerType","description":"entity.PlayerType.valueOf","location":"projekt2/entity/-player-type/value-of.html","searchKeys":["valueOf","fun valueOf(value: String): PlayerType","entity.PlayerType.valueOf"]},{"name":"fun valueOf(value: String): TileColor","description":"entity.TileColor.valueOf","location":"projekt2/entity/-tile-color/value-of.html","searchKeys":["valueOf","fun valueOf(value: String): TileColor","entity.TileColor.valueOf"]},{"name":"fun values(): Array<PlayerColor>","description":"entity.PlayerColor.values","location":"projekt2/entity/-player-color/values.html","searchKeys":["values","fun values(): Array<PlayerColor>","entity.PlayerColor.values"]},{"name":"fun values(): Array<PlayerType>","description":"entity.PlayerType.values","location":"projekt2/entity/-player-type/values.html","searchKeys":["values","fun values(): Array<PlayerType>","entity.PlayerType.values"]},{"name":"fun values(): Array<TileColor>","description":"entity.TileColor.values","location":"projekt2/entity/-tile-color/values.html","searchKeys":["values","fun values(): Array<TileColor>","entity.TileColor.values"]},{"name":"interface Refreshable","description":"service.Refreshable","location":"projekt2/service/-refreshable/index.html","searchKeys":["Refreshable","interface Refreshable","service.Refreshable"]},{"name":"object NovaLunaApplication : BoardGameApplication, Refreshable","description":"gui.NovaLunaApplication","location":"projekt2/gui/-nova-luna-application/index.html","searchKeys":["NovaLunaApplication","object NovaLunaApplication : BoardGameApplication, Refreshable","gui.NovaLunaApplication"]},{"name":"open fun refreshAfterGameEnd(placementList: List<Player>)","description":"service.Refreshable.refreshAfterGameEnd","location":"projekt2/service/-refreshable/refresh-after-game-end.html","searchKeys":["refreshAfterGameEnd","open fun refreshAfterGameEnd(placementList: List<Player>)","service.Refreshable.refreshAfterGameEnd"]},{"name":"open fun refreshAfterGameStart()","description":"service.Refreshable.refreshAfterGameStart","location":"projekt2/service/-refreshable/refresh-after-game-start.html","searchKeys":["refreshAfterGameStart","open fun refreshAfterGameStart()","service.Refreshable.refreshAfterGameStart"]},{"name":"open fun refreshAfterRedo()","description":"service.Refreshable.refreshAfterRedo","location":"projekt2/service/-refreshable/refresh-after-redo.html","searchKeys":["refreshAfterRedo","open fun refreshAfterRedo()","service.Refreshable.refreshAfterRedo"]},{"name":"open fun refreshAfterSelectionTrackFilled()","description":"service.Refreshable.refreshAfterSelectionTrackFilled","location":"projekt2/service/-refreshable/refresh-after-selection-track-filled.html","searchKeys":["refreshAfterSelectionTrackFilled","open fun refreshAfterSelectionTrackFilled()","service.Refreshable.refreshAfterSelectionTrackFilled"]},{"name":"open fun refreshAfterSwitchTurn()","description":"service.Refreshable.refreshAfterSwitchTurn","location":"projekt2/service/-refreshable/refresh-after-switch-turn.html","searchKeys":["refreshAfterSwitchTurn","open fun refreshAfterSwitchTurn()","service.Refreshable.refreshAfterSwitchTurn"]},{"name":"open fun refreshAfterTileChosen(chosenTile: Tile)","description":"service.Refreshable.refreshAfterTileChosen","location":"projekt2/service/-refreshable/refresh-after-tile-chosen.html","searchKeys":["refreshAfterTileChosen","open fun refreshAfterTileChosen(chosenTile: Tile)","service.Refreshable.refreshAfterTileChosen"]},{"name":"open fun refreshAfterTilePlaced(chosenTile: Tile)","description":"service.Refreshable.refreshAfterTilePlaced","location":"projekt2/service/-refreshable/refresh-after-tile-placed.html","searchKeys":["refreshAfterTilePlaced","open fun refreshAfterTilePlaced(chosenTile: Tile)","service.Refreshable.refreshAfterTilePlaced"]},{"name":"open fun refreshAfterUndo()","description":"service.Refreshable.refreshAfterUndo","location":"projekt2/service/-refreshable/refresh-after-undo.html","searchKeys":["refreshAfterUndo","open fun refreshAfterUndo()","service.Refreshable.refreshAfterUndo"]},{"name":"open override fun refreshAfterGameEnd(placementList: List<Player>)","description":"gui.FinishedMenuScene.refreshAfterGameEnd","location":"projekt2/gui/-finished-menu-scene/refresh-after-game-end.html","searchKeys":["refreshAfterGameEnd","open override fun refreshAfterGameEnd(placementList: List<Player>)","gui.FinishedMenuScene.refreshAfterGameEnd"]},{"name":"open override fun refreshAfterGameEnd(placementList: List<Player>)","description":"gui.NovaLunaApplication.refreshAfterGameEnd","location":"projekt2/gui/-nova-luna-application/refresh-after-game-end.html","searchKeys":["refreshAfterGameEnd","open override fun refreshAfterGameEnd(placementList: List<Player>)","gui.NovaLunaApplication.refreshAfterGameEnd"]},{"name":"open override fun refreshAfterGameStart()","description":"gui.GameScene.refreshAfterGameStart","location":"projekt2/gui/-game-scene/refresh-after-game-start.html","searchKeys":["refreshAfterGameStart","open override fun refreshAfterGameStart()","gui.GameScene.refreshAfterGameStart"]},{"name":"open override fun refreshAfterGameStart()","description":"gui.NovaLunaApplication.refreshAfterGameStart","location":"projekt2/gui/-nova-luna-application/refresh-after-game-start.html","searchKeys":["refreshAfterGameStart","open override fun refreshAfterGameStart()","gui.NovaLunaApplication.refreshAfterGameStart"]},{"name":"open override fun refreshAfterRedo()","description":"gui.GameScene.refreshAfterRedo","location":"projekt2/gui/-game-scene/refresh-after-redo.html","searchKeys":["refreshAfterRedo","open override fun refreshAfterRedo()","gui.GameScene.refreshAfterRedo"]},{"name":"open override fun refreshAfterSelectionTrackFilled()","description":"gui.GameScene.refreshAfterSelectionTrackFilled","location":"projekt2/gui/-game-scene/refresh-after-selection-track-filled.html","searchKeys":["refreshAfterSelectionTrackFilled","open override fun refreshAfterSelectionTrackFilled()","gui.GameScene.refreshAfterSelectionTrackFilled"]},{"name":"open override fun refreshAfterSwitchTurn()","description":"gui.GameScene.refreshAfterSwitchTurn","location":"projekt2/gui/-game-scene/refresh-after-switch-turn.html","searchKeys":["refreshAfterSwitchTurn","open override fun refreshAfterSwitchTurn()","gui.GameScene.refreshAfterSwitchTurn"]},{"name":"open override fun refreshAfterTileChosen(chosenTile: Tile)","description":"gui.GameScene.refreshAfterTileChosen","location":"projekt2/gui/-game-scene/refresh-after-tile-chosen.html","searchKeys":["refreshAfterTileChosen","open override fun refreshAfterTileChosen(chosenTile: Tile)","gui.GameScene.refreshAfterTileChosen"]},{"name":"open override fun refreshAfterTilePlaced(chosenTile: Tile)","description":"gui.GameScene.refreshAfterTilePlaced","location":"projekt2/gui/-game-scene/refresh-after-tile-placed.html","searchKeys":["refreshAfterTilePlaced","open override fun refreshAfterTilePlaced(chosenTile: Tile)","gui.GameScene.refreshAfterTilePlaced"]},{"name":"open override fun refreshAfterUndo()","description":"gui.GameScene.refreshAfterUndo","location":"projekt2/gui/-game-scene/refresh-after-undo.html","searchKeys":["refreshAfterUndo","open override fun refreshAfterUndo()","gui.GameScene.refreshAfterUndo"]},{"name":"val cost: Int","description":"entity.Tile.cost","location":"projekt2/entity/-tile/cost.html","searchKeys":["cost","val cost: Int","entity.Tile.cost"]},{"name":"val drawPile: MutableList<Tile?>","description":"entity.NovaLunaGame.drawPile","location":"projekt2/entity/-nova-luna-game/draw-pile.html","searchKeys":["drawPile","val drawPile: MutableList<Tile?>","entity.NovaLunaGame.drawPile"]},{"name":"val entries: EnumEntries<PlayerColor>","description":"entity.PlayerColor.entries","location":"projekt2/entity/-player-color/entries.html","searchKeys":["entries","val entries: EnumEntries<PlayerColor>","entity.PlayerColor.entries"]},{"name":"val entries: EnumEntries<PlayerType>","description":"entity.PlayerType.entries","location":"projekt2/entity/-player-type/entries.html","searchKeys":["entries","val entries: EnumEntries<PlayerType>","entity.PlayerType.entries"]},{"name":"val entries: EnumEntries<TileColor>","description":"entity.TileColor.entries","location":"projekt2/entity/-tile-color/entries.html","searchKeys":["entries","val entries: EnumEntries<TileColor>","entity.TileColor.entries"]},{"name":"val gameLog: GameLog","description":"entity.NovaLunaGame.gameLog","location":"projekt2/entity/-nova-luna-game/game-log.html","searchKeys":["gameLog","val gameLog: GameLog","entity.NovaLunaGame.gameLog"]},{"name":"val gameService: GameService","description":"service.RootService.gameService","location":"projekt2/service/-root-service/game-service.html","searchKeys":["gameService","val gameService: GameService","service.RootService.gameService"]},{"name":"val id: Int","description":"entity.Tile.id","location":"projekt2/entity/-tile/id.html","searchKeys":["id","val id: Int","entity.Tile.id"]},{"name":"val moonWheel: MoonWheel","description":"entity.NovaLunaGame.moonWheel","location":"projekt2/entity/-nova-luna-game/moon-wheel.html","searchKeys":["moonWheel","val moonWheel: MoonWheel","entity.NovaLunaGame.moonWheel"]},{"name":"val name: String","description":"entity.Player.name","location":"projekt2/entity/-player/name.html","searchKeys":["name","val name: String","entity.Player.name"]},{"name":"val playerActionService: PlayerActionService","description":"service.RootService.playerActionService","location":"projekt2/service/-root-service/player-action-service.html","searchKeys":["playerActionService","val playerActionService: PlayerActionService","service.RootService.playerActionService"]},{"name":"val playerColor: PlayerColor","description":"entity.Player.playerColor","location":"projekt2/entity/-player/player-color.html","searchKeys":["playerColor","val playerColor: PlayerColor","entity.Player.playerColor"]},{"name":"val playerTileBoard: Map<Coordinate, Tile>","description":"entity.Player.playerTileBoard","location":"projekt2/entity/-player/player-tile-board.html","searchKeys":["playerTileBoard","val playerTileBoard: Map<Coordinate, Tile>","entity.Player.playerTileBoard"]},{"name":"val players: MutableList<Player>","description":"entity.NovaLunaGame.players","location":"projekt2/entity/-nova-luna-game/players.html","searchKeys":["players","val players: MutableList<Player>","entity.NovaLunaGame.players"]},{"name":"val rootService: RootService","description":"gui.NovaLunaApplication.rootService","location":"projekt2/gui/-nova-luna-application/root-service.html","searchKeys":["rootService","val rootService: RootService","gui.NovaLunaApplication.rootService"]},{"name":"val slots: MutableList<Tile?>","description":"entity.MoonWheel.slots","location":"projekt2/entity/-moon-wheel/slots.html","searchKeys":["slots","val slots: MutableList<Tile?>","entity.MoonWheel.slots"]},{"name":"val task1: TileTask?","description":"entity.Tile.task1","location":"projekt2/entity/-tile/task1.html","searchKeys":["task1","val task1: TileTask?","entity.Tile.task1"]},{"name":"val task2: TileTask?","description":"entity.Tile.task2","location":"projekt2/entity/-tile/task2.html","searchKeys":["task2","val task2: TileTask?","entity.Tile.task2"]},{"name":"val task3: TileTask?","description":"entity.Tile.task3","location":"projekt2/entity/-tile/task3.html","searchKeys":["task3","val task3: TileTask?","entity.Tile.task3"]},{"name":"val tileColor: TileColor","description":"entity.Tile.tileColor","location":"projekt2/entity/-tile/tile-color.html","searchKeys":["tileColor","val tileColor: TileColor","entity.Tile.tileColor"]},{"name":"val tileDots: MutableList<TileColor>","description":"entity.TileTask.tileDots","location":"projekt2/entity/-tile-task/tile-dots.html","searchKeys":["tileDots","val tileDots: MutableList<TileColor>","entity.TileTask.tileDots"]},{"name":"var currentGame: NovaLunaGame?","description":"service.RootService.currentGame","location":"projekt2/service/-root-service/current-game.html","searchKeys":["currentGame","var currentGame: NovaLunaGame?","service.RootService.currentGame"]},{"name":"var currentPlayer: Int","description":"entity.NovaLunaGame.currentPlayer","location":"projekt2/entity/-nova-luna-game/current-player.html","searchKeys":["currentPlayer","var currentPlayer: Int","entity.NovaLunaGame.currentPlayer"]},{"name":"var currentState: Int","description":"entity.NovaLunaGame.currentState","location":"projekt2/entity/-nova-luna-game/current-state.html","searchKeys":["currentState","var currentState: Int","entity.NovaLunaGame.currentState"]},{"name":"var height: Int","description":"entity.Player.height","location":"projekt2/entity/-player/height.html","searchKeys":["height","var height: Int","entity.Player.height"]},{"name":"var isSolved: Boolean","description":"entity.TileTask.isSolved","location":"projekt2/entity/-tile-task/is-solved.html","searchKeys":["isSolved","var isSolved: Boolean","entity.TileTask.isSolved"]},{"name":"var meeplePosition: Int","description":"entity.MoonWheel.meeplePosition","location":"projekt2/entity/-moon-wheel/meeple-position.html","searchKeys":["meeplePosition","var meeplePosition: Int","entity.MoonWheel.meeplePosition"]},{"name":"var playerType: PlayerType","description":"entity.Player.playerType","location":"projekt2/entity/-player/player-type.html","searchKeys":["playerType","var playerType: PlayerType","entity.Player.playerType"]},{"name":"var simulationSpeed: Int","description":"entity.NovaLunaGame.simulationSpeed","location":"projekt2/entity/-nova-luna-game/simulation-speed.html","searchKeys":["simulationSpeed","var simulationSpeed: Int","entity.NovaLunaGame.simulationSpeed"]},{"name":"var tokenAmount: Int","description":"entity.NovaLunaGame.tokenAmount","location":"projekt2/entity/-nova-luna-game/token-amount.html","searchKeys":["tokenAmount","var tokenAmount: Int","entity.NovaLunaGame.tokenAmount"]},{"name":"var tokens: Int","description":"entity.Player.tokens","location":"projekt2/entity/-player/tokens.html","searchKeys":["tokens","var tokens: Int","entity.Player.tokens"]},{"name":"var travelledDistance: Int","description":"entity.Player.travelledDistance","location":"projekt2/entity/-player/travelled-distance.html","searchKeys":["travelledDistance","var travelledDistance: Int","entity.Player.travelledDistance"]}]
